# family	folder	unit	phase	identifier	flows	packet-types	records	codecs	index
Common	ClearDialog	ClearDialog.Configuration	Configuration	clear_dialog	Clientbound	LoginFamilyPackets.Config.ClearDialog	ClientboundConfigClearDialogPacket	ConfigurationCodecs.ClearDialog	ConfigurationBindings
Common	ClientInformation	ClientInformation.Configuration	Configuration	client_information	Serverbound	ConfigurationPackets.Serverbound.ClientInformation	ServerboundClientInformationPacket	ConfigurationCodecs.ClientInformation,ConfigurationCodecs.ClientInformationV1_20_2	ConfigurationBindings
Common	CookieRequest	CookieRequest.Configuration	Configuration	cookie_request	Clientbound	LoginFamilyPackets.Config.CookieRequest	ClientboundConfigCookieRequestPacket	ConfigurationCodecs.ConfigCookieRequest	ConfigurationBindings
Common	CookieResponse	CookieResponse.Configuration	Configuration	cookie_response	Serverbound	LoginFamilyPackets.Config.CookieResponse	ServerboundConfigCookieResponsePacket	ConfigurationCodecs.ConfigCookieResponse	ConfigurationBindings
Common	CustomClickAction	CustomClickAction.Configuration	Configuration	custom_click_action	Serverbound	LoginFamilyPackets.Config.CustomClickAction	ServerboundConfigCustomClickActionPacket	ConfigurationCodecs.CustomClickAction	ConfigurationBindings
Configuration	CustomPayload	CustomPayload	Configuration	custom_payload	Clientbound,Serverbound	LoginFamilyPackets.Config.CustomPayload,LoginFamilyPackets.Config.CustomPayloadServerbound	ClientboundConfigCustomPayloadPacket,ServerboundConfigCustomPayloadPacket	ConfigurationCodecs.ConfigCustomPayloadClient,ConfigurationCodecs.ConfigCustomPayloadServer	ConfigurationBindings
Common	CustomReportDetails	CustomReportDetails.Configuration	Configuration	custom_report_details	Clientbound	LoginFamilyPackets.Config.CustomReportDetails	ClientboundConfigCustomReportDetailsPacket	ConfigurationCodecs.CustomReportDetails	ConfigurationBindings
Common	Disconnect	Disconnect.Configuration	Configuration	disconnect	Clientbound	LoginFamilyPackets.Config.Disconnect	ClientboundConfigDisconnectPacket	ConfigurationCodecs.DisconnectV1_20_2,ConfigurationCodecs.DisconnectV1_20_3,ConfigurationCodecs.DisconnectV1_21_5	ConfigurationBindings
Configuration	FinishConfiguration	FinishConfiguration	Configuration	finish_configuration	Clientbound,Serverbound	ConfigurationPackets.Clientbound.FinishConfiguration,ConfigurationPackets.Serverbound.FinishConfiguration	ClientboundFinishConfigurationPacket,ServerboundFinishConfigurationPacket	ConfigurationCodecs.FinishClient,ConfigurationCodecs.FinishServer	ConfigurationBindings
Common	KeepAlive	KeepAlive.Configuration	Configuration	keep_alive	Clientbound,Serverbound	ConfigurationPackets.Clientbound.KeepAlive,ConfigurationPackets.Serverbound.KeepAlive	ClientboundConfigKeepAlivePacket,ServerboundConfigKeepAlivePacket	ConfigurationCodecs.KeepAliveClient,ConfigurationCodecs.KeepAliveServer	ConfigurationBindings
Common	Ping	Ping.Configuration	Configuration	ping	Clientbound	LoginFamilyPackets.Config.Ping	ClientboundConfigPingPacket	ConfigurationCodecs.Ping	ConfigurationBindings
Common	Pong	Pong.Configuration	Configuration	pong	Serverbound	LoginFamilyPackets.Config.Pong	ServerboundConfigPongPacket	ConfigurationCodecs.Pong	ConfigurationBindings
Configuration	RegistryData	RegistryData	Configuration	registry_data	Clientbound	LoginFamilyPackets.Config.RegistryBlob,LoginFamilyPackets.Config.RegistryData	ClientboundConfigRegistryBlobPacket,ClientboundConfigRegistryDataPacket	ConfigurationCodecs.RegistryBlob,ConfigurationCodecs.RegistryData	ConfigurationBindings
Configuration	ResetChat	ResetChat	Configuration	reset_chat	Clientbound	LoginFamilyPackets.Config.ResetChat	ClientboundConfigResetChatPacket	ConfigurationCodecs.ResetChat	ConfigurationBindings
Common	ResourcePack	ResourcePack.Configuration	Configuration	resource_pack	Serverbound	LoginFamilyPackets.Config.ResourcePack	ServerboundConfigResourcePackPacket	ConfigurationCodecs.ResourcePackResponseV1_20_2,ConfigurationCodecs.ResourcePackResponseV1_20_3	ConfigurationBindings
Common	ResourcePackPop	ResourcePackPop.Configuration	Configuration	resource_pack_pop	Clientbound	LoginFamilyPackets.Config.ResourcePackPop	ClientboundConfigResourcePackPopPacket	ConfigurationCodecs.ResourcePackPop	ConfigurationBindings
Common	ResourcePackPush	ResourcePackPush.Configuration	Configuration	resource_pack_push	Clientbound	LoginFamilyPackets.Config.ResourcePackPush	ClientboundConfigResourcePackPushPacket	ConfigurationCodecs.ResourcePackPushV1_20_2,ConfigurationCodecs.ResourcePackPushV1_20_3,ConfigurationCodecs.ResourcePackPushV1_21_5	ConfigurationBindings
Configuration	SelectKnownPacks	SelectKnownPacks	Configuration	select_known_packs	Clientbound,Serverbound	ConfigurationPackets.Clientbound.SelectKnownPacks,ConfigurationPackets.Serverbound.SelectKnownPacks	ClientboundSelectKnownPacksPacket,ServerboundSelectKnownPacksPacket	ConfigurationCodecs.SelectPacksClient,ConfigurationCodecs.SelectPacksServer	ConfigurationBindings
Common	ServerLinks	ServerLinks.Configuration	Configuration	server_links	Clientbound	LoginFamilyPackets.Config.ServerLinks	ClientboundConfigServerLinksPacket	ConfigurationCodecs.ServerLinksV1_21,ConfigurationCodecs.ServerLinksV1_21_5	ConfigurationBindings
Common	ShowDialog	ShowDialog.Configuration	Configuration	show_dialog	Clientbound	LoginFamilyPackets.Config.ShowDialog	ClientboundConfigShowDialogPacket	ConfigurationCodecs.ShowDialog	ConfigurationBindings
Common	StoreCookie	StoreCookie.Configuration	Configuration	store_cookie	Clientbound	LoginFamilyPackets.Config.StoreCookie	ClientboundConfigStoreCookiePacket	ConfigurationCodecs.StoreCookie	ConfigurationBindings
Common	Transfer	Transfer.Configuration	Configuration	transfer	Clientbound	LoginFamilyPackets.Config.Transfer	ClientboundConfigTransferPacket	ConfigurationCodecs.Transfer	ConfigurationBindings
Configuration	UpdateEnabledFeatures	UpdateEnabledFeatures	Configuration	update_enabled_features	Clientbound	LoginFamilyPackets.Config.UpdateEnabledFeatures	ClientboundConfigUpdateEnabledFeaturesPacket	ConfigurationCodecs.UpdateEnabledFeatures	ConfigurationBindings
Configuration	UpdateTags	UpdateTags	Configuration	update_tags	Clientbound	LoginFamilyPackets.Config.UpdateTags	ClientboundConfigUpdateTagsPacket	ConfigurationCodecs.UpdateTags	ConfigurationBindings
Handshake	Intention	Intention	Handshake	intention	Serverbound	HandshakePackets.Serverbound.Intention	ServerboundHandshakePacket	HandshakeCodecs.Intention	HandshakeStatusBindings
Common	CookieRequest	CookieRequest.Login	Login	cookie_request	Clientbound	LoginFamilyPackets.Login.CookieRequest	ClientboundLoginCookieRequestPacket	LoginChannelCodecs.LoginCookieRequest	LoginBindings
Common	CookieResponse	CookieResponse.Login	Login	cookie_response	Serverbound	LoginFamilyPackets.Login.CookieResponse	ServerboundLoginCookieResponsePacket	LoginChannelCodecs.LoginCookieResponse	LoginBindings
Login	CustomQuery	CustomQuery	Login	custom_query	Clientbound	LoginFamilyPackets.Login.CustomQuery	ClientboundLoginCustomQueryPacket	LoginChannelCodecs.CustomQuery	LoginBindings
Login	CustomQueryAnswer	CustomQueryAnswer	Login	custom_query_answer	Serverbound	LoginFamilyPackets.Login.CustomQueryAnswer	ServerboundLoginCustomQueryAnswerPacket	LoginChannelCodecs.CustomQueryAnswer	LoginBindings
Login	Hello	Hello	Login	hello	Clientbound,Serverbound	LoginPackets.Clientbound.Hello,LoginPackets.Serverbound.Hello	ClientboundHelloPacket,ServerboundHelloPacket	LoginCodecs.ClientHelloV1_19,LoginCodecs.ClientHelloV1_19_1,LoginCodecs.ClientHelloV1_19_3,LoginCodecs.ClientHelloV1_20_2,LoginCodecs.ClientHelloV1_8,LoginCodecs.ServerHelloV1_20_5,LoginCodecs.ServerHelloV1_8	LoginBindings
Login	Key	Key	Login	key	Serverbound	LoginPackets.Serverbound.Key	ServerboundKeyPacket	LoginCodecs.Key,LoginCodecs.KeyV1_19	LoginBindings
Login	LoginAcknowledged	LoginAcknowledged	Login	login_acknowledged	Serverbound	LoginPackets.Serverbound.LoginAcknowledged	ServerboundLoginAcknowledgedPacket	LoginCodecs.LoginAcknowledged	LoginBindings
Login	LoginCompression	LoginCompression	Login	login_compression	Clientbound	LoginPackets.Clientbound.LoginCompression	ClientboundLoginCompressionPacket	LoginCodecs.Compression	LoginBindings
Login	LoginDisconnect	LoginDisconnect	Login	login_disconnect	Clientbound	LoginPackets.Clientbound.Disconnect	ClientboundLoginDisconnectPacket	LoginCodecs.DisconnectV1_20_3,LoginCodecs.DisconnectV1_21_5,LoginCodecs.DisconnectV1_8	LoginBindings
Login	LoginFinished	LoginFinished	Login	login_finished	Clientbound	LoginPackets.Clientbound.LoginFinished	ClientboundLoginFinishedPacket	LoginCodecs.FinishedV1_16,LoginCodecs.FinishedV1_20_5,LoginCodecs.FinishedV1_19,LoginCodecs.FinishedV1_8,LoginCodecs.FinishedV26_2	LoginBindings
Ui	Abilities	Abilities	Play	abilities	Clientbound,Serverbound	UiPackets.Clientbound.LegacyAbilities,UiPackets.Serverbound.LegacyAbilities	ClientboundPlayerAbilitiesPacket,ServerboundLegacyPlayerAbilitiesPacket	UiMiscCodecs.PlayerAbilitiesV1_8,UiMiscCodecs.ServerLegacyAbilitiesV1_8	UiBindings
Entity	AcceptTeleportation	AcceptTeleportation	Play	accept_teleportation	Serverbound	EntityPackets.Serverbound.AcceptTeleportation	ServerboundAcceptTeleportationPacket	EntityServerboundCodecs.AcceptTeleportation	EntityBindings
Entity	AddEntity	AddEntity	Play	add_entity	Clientbound	EntityPackets.Clientbound.AddEntity	ClientboundAddEntityPacket	EntitySpawnCodecs.AddEntityV1_19,EntitySpawnCodecs.AddEntityV1_21_9,EntitySpawnCodecs.AddEntityV1_8,EntitySpawnCodecs.AddEntityV1_9	EntityBindings
Entity	AddExperienceOrb	AddExperienceOrb	Play	add_experience_orb	Clientbound	EntityPackets.Clientbound.AddExperienceOrb	ClientboundAddExperienceOrbPacket	EntitySpawnCodecs.AddExperienceOrbV1_8,EntitySpawnCodecs.AddExperienceOrbV1_9	EntityBindings
Entity	AddMob	AddMob	Play	add_mob	Clientbound	EntityPackets.Clientbound.AddMob	ClientboundAddMobPacket	EntitySpawnCodecs.AddMobV1_12,EntitySpawnCodecs.AddMobV1_13,EntitySpawnCodecs.AddMobV1_14,EntitySpawnCodecs.AddMobV1_15,EntitySpawnCodecs.AddMobV1_8,EntitySpawnCodecs.AddMobV1_9	EntityBindings
Entity	AddPainting	AddPainting	Play	add_painting	Clientbound	EntityPackets.Clientbound.AddPainting	ClientboundAddPaintingPacket	EntitySpawnCodecs.AddPaintingV1_13,EntitySpawnCodecs.AddPaintingV1_14,EntitySpawnCodecs.AddPaintingV1_8,EntitySpawnCodecs.AddPaintingV1_9	EntityBindings
Entity	AddPlayer	AddPlayer	Play	add_player	Clientbound	EntityPackets.Clientbound.AddPlayer	ClientboundAddPlayerPacket	EntitySpawnCodecs.AddPlayerV1_12,EntitySpawnCodecs.AddPlayerV1_13,EntitySpawnCodecs.AddPlayerV1_14,EntitySpawnCodecs.AddPlayerV1_15,EntitySpawnCodecs.AddPlayerV1_8,EntitySpawnCodecs.AddPlayerV1_9	EntityBindings
Entity	Animate	Animate	Play	animate	Clientbound	EntityPackets.Clientbound.Animate	ClientboundAnimatePacket	EntityStateCodecs.Animate	EntityBindings
Entity	Attack	Attack	Play	attack	Serverbound	EntityPackets.Serverbound.Attack	ServerboundAttackPacket	EntityServerboundCodecs.Attack	EntityBindings
World	BlockChangedAck	BlockChangedAck	Play	block_changed_ack	Clientbound	WorldPackets.Clientbound.BlockChangedAck	ClientboundBlockChangedAckPacket	WorldBlockCodecs.BlockChangedAckV1_19	WorldBindings
World	BlockDestruction	BlockDestruction	Play	block_destruction	Clientbound	WorldPackets.Clientbound.BlockDestruction	ClientboundBlockDestructionPacket	WorldBlockCodecs.BlockDestructionV1_14,WorldBlockCodecs.BlockDestructionV1_8	WorldBindings
World	BlockEntityData	BlockEntityData	Play	block_entity_data	Clientbound	WorldPackets.Clientbound.BlockEntityData	ClientboundBlockEntityDataPacket	WorldBlockCodecs.BlockEntityDataV1_14,WorldBlockCodecs.BlockEntityDataV1_18,WorldBlockCodecs.BlockEntityDataV1_20_2,WorldBlockCodecs.BlockEntityDataV1_8	WorldBindings
World	BlockEvent	BlockEvent	Play	block_event	Clientbound	WorldPackets.Clientbound.BlockEvent	ClientboundBlockEventPacket	WorldBlockCodecs.BlockEventV1_14,WorldBlockCodecs.BlockEventV1_8	WorldBindings
Container	BlockPlace	BlockPlace	Play	block_place	Serverbound	ItemPackets.Serverbound.LegacyBlockPlace	ServerboundLegacyBlockPlacePacket	UseItemCodecs.BlockPlaceV1_8	ItemBindings
World	BlockUpdate	BlockUpdate	Play	block_update	Clientbound	WorldPackets.Clientbound.BlockUpdate	ClientboundBlockUpdatePacket	WorldBlockCodecs.BlockUpdateV1_14,WorldBlockCodecs.BlockUpdateV1_8	WorldBindings
Ui	BossEvent	BossEvent	Play	boss_event	Clientbound	UiPackets.Clientbound.BossEvent	ClientboundBossEventPacket	BossBarCodecs.BossEventV1_9,BossBarCodecs.BossEventV1_20_3,BossBarCodecs.BossEventV1_21_5	UiBindings
Play	BundleDelimiter	BundleDelimiter	Play	bundle_delimiter	Clientbound	PlayPackets.Clientbound.BundleDelimiter	ClientboundBundleDelimiterPacket	PlayCommonCodecs.BundleDelimiter	PlayCoreBindings
World	ChangeDifficulty	ChangeDifficulty	Play	change_difficulty	Clientbound	WorldPackets.Clientbound.ChangeDifficulty	ClientboundChangeDifficultyPacket	WorldStateCodecs.ChangeDifficultyV1_14,WorldStateCodecs.ChangeDifficultyV1_8,WorldStateCodecs.ChangeDifficultyV26_2	WorldBindings
Chat	Chat	Chat	Play	chat	Clientbound,Serverbound	PlayPackets.Clientbound.LegacyChat,PlayPackets.Serverbound.LegacyChat,PlayPackets.Serverbound.SignedChat	ClientboundLegacyChatPacket,ServerboundLegacyChatPacket,ServerboundSignedChatPacket	ChatCodecs.ClientLegacyV1_16,ChatCodecs.ClientLegacyV1_8,ChatCodecs.ServerLegacyV1_8,ChatCodecs.SignedV1_19,ChatCodecs.SignedV1_19_1,ChatCodecs.SignedV1_19_3,ChatCodecs.SignedV1_21_5,ChatCodecs.SignedV26_1	PlayCoreBindings
Chat	ChatAck	ChatAck	Play	chat_ack	Serverbound	PlayPackets.Serverbound.ChatAck	ServerboundChatAckPacket	ChatCodecs.ChatAckV1_19_3	PlayCoreBindings
Chat	ChatCommand	ChatCommand	Play	chat_command	Serverbound	PlayPackets.Serverbound.ChatCommand,PlayPackets.Serverbound.SignedChatCommand	ServerboundChatCommandPacket,ServerboundSignedChatCommandPacket	ChatCommandCodecs.SignedV1_19,ChatCommandCodecs.SignedV1_19_1,ChatCommandCodecs.SignedV1_19_3,ChatCommandCodecs.UnsignedV1_20_5	PlayCoreBindings
Chat	ChatCommandSigned	ChatCommandSigned	Play	chat_command_signed	Serverbound	PlayPackets.Serverbound.ChatCommandSigned	ServerboundChatCommandSignedPacket	ChatCommandCodecs.SignedStandaloneV1_20_5,ChatCommandCodecs.SignedStandaloneV1_21_5	PlayCoreBindings
Chat	ChatSessionUpdate	ChatSessionUpdate	Play	chat_session_update	Serverbound	PlayPackets.Serverbound.ChatSessionUpdate	ServerboundChatSessionUpdatePacket	ChatCodecs.ChatSessionUpdateV1_19_3	PlayCoreBindings
World	ChunkBatchFinished	ChunkBatchFinished	Play	chunk_batch_finished	Clientbound	WorldPackets.Clientbound.ChunkBatchFinished	ClientboundChunkBatchFinishedPacket	WorldStateCodecs.ChunkBatchFinishedV1_20_2	WorldBindings
World	ChunkBatchReceived	ChunkBatchReceived	Play	chunk_batch_received	Serverbound	WorldPackets.Serverbound.ChunkBatchReceived	ServerboundChunkBatchReceivedPacket	WorldStateCodecs.ChunkBatchReceivedV1_20_2	WorldBindings
World	ChunkBatchStart	ChunkBatchStart	Play	chunk_batch_start	Clientbound	WorldPackets.Clientbound.ChunkBatchStart	ClientboundChunkBatchStartPacket	WorldStateCodecs.ChunkBatchStartV1_20_2	WorldBindings
World	ChunksBiomes	ChunksBiomes	Play	chunks_biomes	Clientbound	WorldPackets.Clientbound.ChunksBiomes	ClientboundChunksBiomesPacket	WorldStateCodecs.ChunksBiomesV1_19_4	WorldBindings
Common	ClearDialog	ClearDialog.Play	Play	clear_dialog	Clientbound	UiPackets.Clientbound.ClearDialog	ClientboundClearDialogPacket	UiMiscCodecs.ClearDialogV1_21_6	UiBindings
Ui	ClearTitles	ClearTitles	Play	clear_titles	Clientbound	UiPackets.Clientbound.ClearTitles	ClientboundClearTitlesPacket	TitleCodecs.ClearTitlesV1_17	UiBindings
Play	ClientCommand	ClientCommand	Play	client_command	Serverbound	PlayPackets.Serverbound.ClientCommand	ServerboundClientCommandPacket	PlayCommonCodecs.ClientCommand	PlayCoreBindings
Common	ClientInformation	ClientInformation.Play	Play	client_information	Serverbound	PlayPackets.Serverbound.ClientInformation	ServerboundPlayClientInformationPacket	PlayClientInformationCodecs.V1_17,PlayClientInformationCodecs.V1_18,PlayClientInformationCodecs.V1_21_2,PlayClientInformationCodecs.V1_8,PlayClientInformationCodecs.V1_9	PlayCoreBindings
Play	ClientTickEnd	ClientTickEnd	Play	client_tick_end	Serverbound	PlayPackets.Serverbound.ClientTickEnd	ServerboundClientTickEndPacket	PlayCommonCodecs.ClientTickEnd	PlayCoreBindings
Ui	CommandSuggestion	CommandSuggestion	Play	command_suggestion	Serverbound	UiPackets.Serverbound.CommandSuggestion	ServerboundCommandSuggestionPacket	CommandSuggestionCodecs.ServerCommandSuggestionV1_13	UiBindings
Ui	CommandSuggestions	CommandSuggestions	Play	command_suggestions	Clientbound	UiPackets.Clientbound.CommandSuggestions	ClientboundCommandSuggestionsPacket	CommandSuggestionCodecs.CommandSuggestionsV1_13,CommandSuggestionCodecs.CommandSuggestionsV1_20_3	UiBindings
Command	Commands	Commands	Play	commands	Clientbound	CommandsPackets.Clientbound.Commands	ClientboundCommandsPacket	CommandTreeCodecs.V1_13,CommandTreeCodecs.V1_21_5,CommandTreeCodecs.V1_21_6,CommandTreeCodecs.V26_2,CommandTreeCodecs.V1_19,CommandTreeCodecs.V1_19_3,CommandTreeCodecs.V1_19_4,CommandTreeCodecs.V1_20_3,CommandTreeCodecs.V1_20_5	CommandsBindings
Play	ConfigurationAcknowledged	ConfigurationAcknowledged	Play	configuration_acknowledged	Serverbound	PlayPackets.Serverbound.ConfigurationAcknowledged	ServerboundConfigurationAcknowledgedPacket	ConfigurationCodecs.ConfigurationAcknowledged	PlayCoreBindings
Container	ContainerButtonClick	ContainerButtonClick	Play	container_button_click	Serverbound	ItemPackets.Serverbound.ContainerButtonClick	ServerboundContainerButtonClickPacket	ContainerCodecs.ContainerButtonClickModern,ContainerCodecs.ContainerButtonClickV1_8	ItemBindings
Container	ContainerClick	ContainerClick	Play	container_click	Serverbound	ItemPackets.Serverbound.ContainerClick	ServerboundContainerClickPacket	ContainerCodecs.ContainerClick770,ContainerCodecs.ContainerClick776,ContainerCodecs.ContainerClickV1_13,ContainerCodecs.ContainerClickV1_13_2,ContainerCodecs.ContainerClickV1_14,ContainerCodecs.ContainerClickV1_17,ContainerCodecs.ContainerClickV1_17_1,ContainerCodecs.ContainerClickV1_20_2,ContainerCodecs.ContainerClickV1_20_5,ContainerCodecs.ContainerClickV1_21,ContainerCodecs.ContainerClickV1_21_2,ContainerCodecs.ContainerClickV1_21_4,ContainerCodecs.ContainerClickV1_8	ItemBindings
Container	ContainerClose	ContainerClose	Play	container_close	Clientbound,Serverbound	ItemPackets.Clientbound.ContainerClose,ItemPackets.Serverbound.ContainerClose	ClientboundContainerClosePacket,ServerboundContainerClosePacket	ContainerCodecs.ContainerCloseClientModern,ContainerCodecs.ContainerCloseClientV1_8,ContainerCodecs.ContainerCloseServerModern,ContainerCodecs.ContainerCloseServerV1_8	ItemBindings
Container	ContainerSetContent	ContainerSetContent	Play	container_set_content	Clientbound	ItemPackets.Clientbound.ContainerSetContent	ClientboundContainerSetContentPacket	ContainerCodecs.ContainerSetContent770,ContainerCodecs.ContainerSetContent776,ContainerCodecs.ContainerSetContentV1_13,ContainerCodecs.ContainerSetContentV1_13_2,ContainerCodecs.ContainerSetContentV1_14,ContainerCodecs.ContainerSetContentV1_17_1,ContainerCodecs.ContainerSetContentV1_20_2,ContainerCodecs.ContainerSetContentV1_20_5,ContainerCodecs.ContainerSetContentV1_21,ContainerCodecs.ContainerSetContentV1_8	ItemBindings
Container	ContainerSetData	ContainerSetData	Play	container_set_data	Clientbound	ItemPackets.Clientbound.ContainerSetData	ClientboundContainerSetDataPacket	ContainerCodecs.ContainerSetDataModern,ContainerCodecs.ContainerSetDataV1_8	ItemBindings
Container	ContainerSetSlot	ContainerSetSlot	Play	container_set_slot	Clientbound	ItemPackets.Clientbound.ContainerSetSlot	ClientboundContainerSetSlotPacket	ContainerCodecs.ContainerSetSlot770,ContainerCodecs.ContainerSetSlot776,ContainerCodecs.ContainerSetSlotV1_13,ContainerCodecs.ContainerSetSlotV1_13_2,ContainerCodecs.ContainerSetSlotV1_14,ContainerCodecs.ContainerSetSlotV1_17_1,ContainerCodecs.ContainerSetSlotV1_20_2,ContainerCodecs.ContainerSetSlotV1_20_5,ContainerCodecs.ContainerSetSlotV1_21,ContainerCodecs.ContainerSetSlotV1_9,ContainerCodecs.SetSlotV1_8	ItemBindings
Container	ContainerSlotStateChanged	ContainerSlotStateChanged	Play	container_slot_state_changed	Serverbound	ItemPackets.Serverbound.ContainerSlotStateChanged	ServerboundContainerSlotStateChangedPacket	ContainerCodecs.ContainerSlotStateChangedModern	ItemBindings
Common	CookieRequest	CookieRequest.Play	Play	cookie_request	Clientbound	PlayPackets.Clientbound.CookieRequest	ClientboundCookieRequestPacket	PlayCommonCodecs.CookieRequest	PlayCoreBindings
Common	CookieResponse	CookieResponse.Play	Play	cookie_response	Serverbound	PlayPackets.Serverbound.CookieResponse	ServerboundCookieResponsePacket	PlayCommonCodecs.CookieResponse	PlayCoreBindings
Ui	Cooldown	Cooldown	Play	cooldown	Clientbound	UiPackets.Clientbound.Cooldown	ClientboundCooldownPacket	UiMiscCodecs.CooldownV1_21_2,UiMiscCodecs.CooldownV1_9	UiBindings
Container	CreativeInventoryAction	CreativeInventoryAction	Play	creative_inventory_action	Serverbound	ItemPackets.Serverbound.LegacyCreativeSlot	ServerboundSetCreativeModeSlotPacket	ContainerCodecs.CreativeSlot770,ContainerCodecs.CreativeSlot776,ContainerCodecs.CreativeSlotV1_13,ContainerCodecs.CreativeSlotV1_13_2,ContainerCodecs.CreativeSlotV1_14,ContainerCodecs.CreativeSlotV1_20_2,ContainerCodecs.CreativeSlotV1_20_5,ContainerCodecs.CreativeSlotV1_21,ContainerCodecs.CreativeSlotV1_8,ContainerCodecs.CreativeSlotV1_9	ItemBindings
Ui	CustomChatCompletions	CustomChatCompletions	Play	custom_chat_completions	Clientbound	UiPackets.Clientbound.CustomChatCompletions	ClientboundCustomChatCompletionsPacket	ChatDisplayCodecs.CustomChatCompletionsV1_19_1	UiBindings
Common	CustomClickAction	CustomClickAction.Play	Play	custom_click_action	Serverbound	UiPackets.Serverbound.CustomClickAction	ServerboundCustomClickActionPacket	UiMiscCodecs.CustomClickActionV1_21_6	UiBindings
Common	CustomReportDetails	CustomReportDetails.Play	Play	custom_report_details	Clientbound	UiPackets.Clientbound.CustomReportDetails	ClientboundCustomReportDetailsPacket	ChatDisplayCodecs.CustomReportDetailsV1_21	UiBindings
World	CustomSound	CustomSound	Play	custom_sound	Clientbound	WorldPackets.Clientbound.CustomSound	ClientboundCustomSoundPacket	WorldEffectCodecs.CustomSoundV1_10,WorldEffectCodecs.CustomSoundV1_19,WorldEffectCodecs.CustomSoundV1_9	WorldBindings
Entity	DamageEvent	DamageEvent	Play	damage_event	Clientbound	EntityPackets.Clientbound.DamageEvent	ClientboundDamageEventPacket	EntityStateCodecs.DamageEvent	EntityBindings
Ui	DeleteChat	DeleteChat	Play	delete_chat	Clientbound	UiPackets.Clientbound.DeleteChat	ClientboundDeleteChatPacket	ChatDisplayCodecs.DeleteChatV1_19_1	UiBindings
Common	Disconnect	Disconnect.Play	Play	disconnect	Clientbound	PlayPackets.Clientbound.Disconnect	ClientboundDisconnectPacket	PlayCommonCodecs.DisconnectV1_20_3,PlayCommonCodecs.DisconnectV1_21_5,PlayCommonCodecs.DisconnectV1_8	PlayCoreBindings
Chat	DisguisedChat	DisguisedChat	Play	disguised_chat	Clientbound	UiPackets.Clientbound.DisguisedChat	ClientboundDisguisedChatPacket	ChatDisplayCodecs.DisguisedChatV1_19_3,ChatDisplayCodecs.DisguisedChatV1_20_3,ChatDisplayCodecs.DisguisedChatV1_21_5	PlayCoreBindings
Ui	DisplayScoreboard	DisplayScoreboard	Play	display_scoreboard	Clientbound	UiPackets.Clientbound.LegacyDisplayObjective	ClientboundLegacyDisplayObjectivePacket	ScoreboardCodecs.LegacyDisplayObjectiveV1_8	UiBindings
Ui	EditBook	EditBook	Play	edit_book	Serverbound	UiPackets.Serverbound.EditBook,UiPackets.Serverbound.LegacyEditBook	ServerboundEditBookPacket,ServerboundLegacyEditBookPacket	UiMiscCodecs.EditBookV1_13,UiMiscCodecs.EditBookV1_13_1,UiMiscCodecs.EditBookV1_13_2,UiMiscCodecs.EditBookV1_17	UiBindings
Entity	Entity	Entity	Play	entity	Clientbound	EntityPackets.Clientbound.Entity	ClientboundEntityPacket	EntityMoveCodecs.EntityV1_8	EntityBindings
Entity	EntityEvent	EntityEvent	Play	entity_event	Clientbound	EntityPackets.Clientbound.EntityEvent	ClientboundEntityEventPacket	EntityStateCodecs.EntityEvent	EntityBindings
Entity	EntityPositionSync	EntityPositionSync	Play	entity_position_sync	Clientbound	EntityPackets.Clientbound.EntityPositionSync	ClientboundEntityPositionSyncPacket	EntityMoveCodecs.EntityPositionSync	EntityBindings
World	Explode	Explode	Play	explode	Clientbound	WorldPackets.Clientbound.Explode	ClientboundExplodePacket	WorldEffectCodecs.ExplodeV1_17,WorldEffectCodecs.ExplodeV1_19_3,WorldEffectCodecs.ExplodeV1_20_3,WorldEffectCodecs.ExplodeV1_21_11,WorldEffectCodecs.ExplodeV1_21_2,WorldEffectCodecs.ExplodeV1_21_4,WorldEffectCodecs.ExplodeV1_21_5,WorldEffectCodecs.ExplodeV1_21_6,WorldEffectCodecs.ExplodeV1_21_9,WorldEffectCodecs.ExplodeV1_8,WorldEffectCodecs.ExplodeV26_1,WorldEffectCodecs.ExplodeV26_2	WorldBindings
World	ForgetLevelChunk	ForgetLevelChunk	Play	forget_level_chunk	Clientbound	WorldPackets.Clientbound.ForgetLevelChunk	ClientboundForgetLevelChunkPacket	WorldStateCodecs.ForgetLevelChunkV1_14,WorldStateCodecs.ForgetLevelChunkV1_9	WorldBindings
World	GameEvent	GameEvent	Play	game_event	Clientbound	WorldPackets.Clientbound.GameEvent	ClientboundGameEventPacket	WorldStateCodecs.GameEventV1_14,WorldStateCodecs.GameEventV1_8	WorldBindings
Entity	HurtAnimation	HurtAnimation	Play	hurt_animation	Clientbound	EntityPackets.Clientbound.HurtAnimation	ClientboundHurtAnimationPacket	EntityStateCodecs.HurtAnimation	EntityBindings
World	InitializeBorder	InitializeBorder	Play	initialize_border	Clientbound	WorldPackets.Clientbound.InitializeBorder	ClientboundInitializeBorderPacket	WorldBorderCodecs.InitializeBorderV1_17	WorldBindings
Entity	Interact	Interact	Play	interact	Serverbound	EntityPackets.Serverbound.Interact	ServerboundInteractPacket	EntityServerboundCodecs.InteractV1_16,EntityServerboundCodecs.InteractV1_8,EntityServerboundCodecs.InteractV1_9	EntityBindings
Common	KeepAlive	KeepAlive.Play	Play	keep_alive	Clientbound,Serverbound	PlayPackets.Clientbound.KeepAlive,PlayPackets.Serverbound.KeepAlive	ClientboundPlayKeepAlivePacket,ServerboundPlayKeepAlivePacket	PlayKeepAliveCodecs.ClientV1_12_2,PlayKeepAliveCodecs.ClientV1_8,PlayKeepAliveCodecs.ServerV1_12_2,PlayKeepAliveCodecs.ServerV1_8	PlayCoreBindings
Chunk	LevelChunkWithLight	LevelChunkWithLight	Play	level_chunk_with_light	Clientbound	PlayPackets.Clientbound.LevelChunk	ClientboundLevelChunkPacket	ChunkCodecs.V1_13,ChunkCodecs.V1_14,ChunkCodecs.V1_15,ChunkCodecs.V1_16,ChunkCodecs.V1_16_2,ChunkCodecs.V1_17,ChunkCodecs.V1_18,ChunkCodecs.V1_20_2,ChunkCodecs.V1_21_2,ChunkCodecs.V1_21_5,ChunkCodecs.V1_8,ChunkCodecs.V1_9,ChunkCodecs.V26_1	PlayCoreBindings
World	LevelEvent	LevelEvent	Play	level_event	Clientbound	WorldPackets.Clientbound.LevelEvent	ClientboundLevelEventPacket	WorldEffectCodecs.LevelEventV1_14,WorldEffectCodecs.LevelEventV1_8	WorldBindings
World	LevelParticles	LevelParticles	Play	level_particles	Clientbound	WorldPackets.Clientbound.LevelParticles	ClientboundLevelParticlesPacket	WorldEffectCodecs.LevelParticlesV1_13,WorldEffectCodecs.LevelParticlesV1_14,WorldEffectCodecs.LevelParticlesV1_15,WorldEffectCodecs.LevelParticlesV1_19,WorldEffectCodecs.LevelParticlesV1_20_5,WorldEffectCodecs.LevelParticlesV1_21,WorldEffectCodecs.LevelParticlesV1_21_11,WorldEffectCodecs.LevelParticlesV1_21_2,WorldEffectCodecs.LevelParticlesV1_21_4,WorldEffectCodecs.LevelParticlesV1_21_5,WorldEffectCodecs.LevelParticlesV1_21_6,WorldEffectCodecs.LevelParticlesV1_21_9,WorldEffectCodecs.LevelParticlesV1_8,WorldEffectCodecs.LevelParticlesV26_1,WorldEffectCodecs.LevelParticlesV26_2	WorldBindings
World	LightUpdate	LightUpdate	Play	light_update	Clientbound	WorldPackets.Clientbound.LightUpdate	ClientboundLightUpdatePacket	WorldStateCodecs.LightUpdateV1_14,WorldStateCodecs.LightUpdateV1_16,WorldStateCodecs.LightUpdateV1_17,WorldStateCodecs.LightUpdateV1_20	WorldBindings
Play	Login	Login	Play	login	Clientbound	PlayPackets.Clientbound.Login	ClientboundLoginPacket	JoinGameCodecs.V1_9_1,JoinGameCodecs.V1_14,JoinGameCodecs.V1_15,JoinGameCodecs.V1_16,JoinGameCodecs.V1_16_2,JoinGameCodecs.V1_18,JoinGameCodecs.V1_19,JoinGameCodecs.V1_20,JoinGameCodecs.V1_20_2,JoinGameCodecs.V1_20_5,JoinGameCodecs.V1_21_2,JoinGameCodecs.V1_8,JoinGameCodecs.V26_1,JoinGameCodecs.V26_2	PlayCoreBindings
Chunk	MapChunkBulk	MapChunkBulk	Play	map_chunk_bulk	Clientbound	PlayPackets.Clientbound.MapChunkBulk	ClientboundMapChunkBulkPacket	ChunkCodecs.MapChunkBulkV1_8	PlayCoreBindings
World	MapItemData	MapItemData	Play	map_item_data	Clientbound	WorldPackets.Clientbound.MapItemData	ClientboundMapItemDataPacket	WorldMapCodecs.MapItemDataV1_13,WorldMapCodecs.MapItemDataV1_14,WorldMapCodecs.MapItemDataV1_17,WorldMapCodecs.MapItemDataV1_20_3,WorldMapCodecs.MapItemDataV1_21_5,WorldMapCodecs.MapItemDataV1_8,WorldMapCodecs.MapItemDataV1_9	WorldBindings
Container	MerchantOffers	MerchantOffers	Play	merchant_offers	Clientbound	ItemPackets.Clientbound.MerchantOffers	ClientboundMerchantOffersPacket	MerchantCodecs.MerchantOffers770,MerchantCodecs.MerchantOffers776,MerchantCodecs.MerchantOffersV1_14,MerchantCodecs.MerchantOffersV1_14_3,MerchantCodecs.MerchantOffersV1_14_4,MerchantCodecs.MerchantOffersV1_19,MerchantCodecs.MerchantOffersV1_20_2,MerchantCodecs.MerchantOffersV1_20_5,MerchantCodecs.MerchantOffersV1_21	ItemBindings
Entity	MoveEntityPos	MoveEntityPos	Play	move_entity_pos	Clientbound	EntityPackets.Clientbound.MoveEntityPos	ClientboundMoveEntityPosPacket	EntityMoveCodecs.MoveEntityPosV1_9,EntityMoveCodecs.MoveEntityPosV1_8	EntityBindings
Entity	MoveEntityPosRot	MoveEntityPosRot	Play	move_entity_pos_rot	Clientbound	EntityPackets.Clientbound.MoveEntityPosRot	ClientboundMoveEntityPosRotPacket	EntityMoveCodecs.MoveEntityPosRotV1_9,EntityMoveCodecs.MoveEntityPosRotV1_8	EntityBindings
Entity	MoveEntityRot	MoveEntityRot	Play	move_entity_rot	Clientbound	EntityPackets.Clientbound.MoveEntityRot	ClientboundMoveEntityRotPacket	EntityMoveCodecs.MoveEntityRot	EntityBindings
Entity	MovePlayer	MovePlayer	Play	move_player	Serverbound	EntityPackets.Serverbound.MovePlayerStatus	ServerboundMovePlayerStatusPacket	EntityServerboundCodecs.MovePlayerStatusV1_8	EntityBindings
Entity	MovePlayerPos	MovePlayerPos	Play	move_player_pos	Serverbound	EntityPackets.Serverbound.MovePlayerPos	ServerboundMovePlayerPosPacket	EntityServerboundCodecs.MovePlayerPosV1_14,EntityServerboundCodecs.MovePlayerPosV1_8	EntityBindings
Entity	MovePlayerPosRot	MovePlayerPosRot	Play	move_player_pos_rot	Serverbound	EntityPackets.Serverbound.MovePlayerPosRot	ServerboundMovePlayerPosRotPacket	EntityServerboundCodecs.MovePlayerPosRotV1_14,EntityServerboundCodecs.MovePlayerPosRotV1_8	EntityBindings
Entity	MovePlayerRot	MovePlayerRot	Play	move_player_rot	Serverbound	EntityPackets.Serverbound.MovePlayerRot	ServerboundMovePlayerRotPacket	EntityServerboundCodecs.MovePlayerRotV1_14,EntityServerboundCodecs.MovePlayerRotV1_8	EntityBindings
Entity	MovePlayerStatusOnly	MovePlayerStatusOnly	Play	move_player_status_only	Serverbound	EntityPackets.Serverbound.MovePlayerStatusOnly	ServerboundMovePlayerStatusOnlyPacket	EntityServerboundCodecs.MovePlayerStatusOnly	EntityBindings
Entity	MoveVehicle	MoveVehicle	Play	move_vehicle	Serverbound	EntityPackets.Serverbound.MoveVehicle	ServerboundMoveVehiclePacket	EntityServerboundCodecs.MoveVehicle,EntityServerboundCodecs.MoveVehicleV1_9	EntityBindings
Ui	OpenBook	OpenBook	Play	open_book	Clientbound	UiPackets.Clientbound.OpenBook	ClientboundOpenBookPacket	UiMiscCodecs.OpenBookV1_14	UiBindings
Container	OpenScreen	OpenScreen	Play	open_screen	Clientbound	ItemPackets.Clientbound.OpenScreen	ClientboundOpenScreenPacket	ContainerCodecs.OpenScreenModern,ContainerCodecs.OpenScreenV1_14,ContainerCodecs.OpenScreenV1_20_3,ContainerCodecs.OpenScreenV1_21_2,ContainerCodecs.OpenScreenV1_8	ItemBindings
Ui	OpenSignEditor	OpenSignEditor	Play	open_sign_editor	Clientbound	UiPackets.Clientbound.OpenSignEditor	ClientboundOpenSignEditorPacket	UiMiscCodecs.OpenSignEditorV1_14,UiMiscCodecs.OpenSignEditorV1_8	UiBindings
Entity	PaddleBoat	PaddleBoat	Play	paddle_boat	Serverbound	EntityPackets.Serverbound.PaddleBoat	ServerboundPaddleBoatPacket	EntityServerboundCodecs.PaddleBoat	EntityBindings
Container	PickItemFromBlock	PickItemFromBlock	Play	pick_item_from_block	Serverbound	ItemPackets.Serverbound.PickItemFromBlock	ServerboundPickItemFromBlockPacket	UseItemCodecs.PickItemFromBlockModern	ItemBindings
Container	PickItemFromEntity	PickItemFromEntity	Play	pick_item_from_entity	Serverbound	ItemPackets.Serverbound.PickItemFromEntity	ServerboundPickItemFromEntityPacket	UseItemCodecs.PickItemFromEntityModern	ItemBindings
Common	Ping	Ping.Play	Play	ping	Clientbound	UiPackets.Clientbound.Ping	ClientboundPlayPingPacket	UiMiscCodecs.PingV1_17	UiBindings
Common	PingRequest	PingRequest.Play	Play	ping_request	Serverbound	UiPackets.Serverbound.PingRequest	ServerboundPlayPingRequestPacket	UiMiscCodecs.ServerPingRequestV1_20_2	UiBindings
Container	PlaceGhostRecipe	PlaceGhostRecipe	Play	place_ghost_recipe	Clientbound	ItemPackets.Clientbound.PlaceGhostRecipe	ClientboundPlaceGhostRecipePacket	RecipeCodecs.PlaceGhostRecipeModern	ItemBindings
Container	PlaceRecipe	PlaceRecipe	Play	place_recipe	Serverbound	ItemPackets.Serverbound.PlaceRecipe,ItemPackets.Serverbound.PlaceRecipeByName	ServerboundPlaceRecipeByNamePacket,ServerboundPlaceRecipePacket	RecipeCodecs.PlaceRecipeByNameV1_13,RecipeCodecs.PlaceRecipeModern	ItemBindings
Ui	PlayerAbilities	PlayerAbilities	Play	player_abilities	Clientbound,Serverbound	UiPackets.Clientbound.PlayerAbilities,UiPackets.Serverbound.PlayerAbilities	ClientboundPlayerAbilitiesPacket,ServerboundPlayerAbilitiesPacket	UiMiscCodecs.PlayerAbilitiesV1_8,UiMiscCodecs.ServerPlayerAbilitiesV1_14	UiBindings
Entity	PlayerAction	PlayerAction	Play	player_action	Serverbound	EntityPackets.Serverbound.PlayerAction	ServerboundPlayerActionPacket	EntityServerboundCodecs.PlayerActionV1_14,EntityServerboundCodecs.PlayerActionV1_19,EntityServerboundCodecs.PlayerActionV1_8,EntityServerboundCodecs.PlayerActionV1_9	EntityBindings
Chat	PlayerChat	PlayerChat	Play	player_chat	Clientbound	UiPackets.Clientbound.PlayerChat	ClientboundPlayerChatPacket	ChatCodecs.V1_19,ChatCodecs.V1_19_1,ChatCodecs.V1_19_3,ChatCodecs.V1_20_3,ChatCodecs.V1_21_5	PlayCoreBindings
Entity	PlayerCommand	PlayerCommand	Play	player_command	Serverbound	EntityPackets.Serverbound.PlayerCommand	ServerboundPlayerCommandPacket	EntityServerboundCodecs.PlayerCommand	EntityBindings
Ui	PlayerInfo	PlayerInfo	Play	player_info	Clientbound	UiPackets.Clientbound.LegacyPlayerListItem	ClientboundLegacyPlayerListItemPacket	PlayerListCodecs.LegacyPlayerListItemV1_19,PlayerListCodecs.LegacyPlayerListItemV1_8	UiBindings
Ui	PlayerInfoRemove	PlayerInfoRemove	Play	player_info_remove	Clientbound	UiPackets.Clientbound.PlayerInfoRemove	ClientboundPlayerInfoRemovePacket	PlayerListCodecs.PlayerInfoRemoveV1_19_3	UiBindings
Ui	PlayerInfoUpdate	PlayerInfoUpdate	Play	player_info_update	Clientbound	UiPackets.Clientbound.PlayerInfoUpdate	ClientboundPlayerInfoUpdatePacket	PlayerListCodecs.PlayerInfoUpdateV1_19_3,PlayerListCodecs.PlayerInfoUpdateV1_20_3,PlayerListCodecs.PlayerInfoUpdateV1_21_2,PlayerListCodecs.PlayerInfoUpdateV1_21_5	UiBindings
Entity	PlayerInput	PlayerInput	Play	player_input	Serverbound	EntityPackets.Serverbound.PlayerInput	ServerboundPlayerInputPacket	EntityServerboundCodecs.PlayerInput	EntityBindings
Ui	PlayerListHeaderFooter	PlayerListHeaderFooter	Play	player_list_header_footer	Clientbound	UiPackets.Clientbound.LegacyTabList	ClientboundTabListPacket	PlayerListCodecs.TabListV1_20_3,PlayerListCodecs.TabListV1_21_5,PlayerListCodecs.TabListV1_8,PlayerListCodecs.TabListV1_9	UiBindings
Play	PlayerLoaded	PlayerLoaded	Play	player_loaded	Serverbound	PlayPackets.Serverbound.PlayerLoaded	ServerboundPlayerLoadedPacket	PlayCommonCodecs.PlayerLoaded	PlayCoreBindings
Entity	PlayerPosition	PlayerPosition	Play	player_position	Clientbound	EntityPackets.Clientbound.PlayerPosition	ClientboundPlayerPositionPacket	EntityMoveCodecs.PlayerPositionV1_17,EntityMoveCodecs.PlayerPositionV1_21_2,EntityMoveCodecs.PlayerPositionV1_8,EntityMoveCodecs.PlayerPositionV1_9	EntityBindings
Common	Pong	Pong.Play	Play	pong	Serverbound	UiPackets.Serverbound.Pong	ServerboundPlayPongPacket	UiMiscCodecs.ServerPongV1_17	UiBindings
Common	PongResponse	PongResponse.Play	Play	pong_response	Clientbound	UiPackets.Clientbound.PongResponse	ClientboundPlayPongResponsePacket	UiMiscCodecs.PongResponseV1_20_2	UiBindings
Container	Recipe	Recipe	Play	recipe	Clientbound	ItemPackets.Clientbound.Recipe	ClientboundRecipePacket	RecipeCodecs.RecipeV1_12,RecipeCodecs.RecipeV1_13,RecipeCodecs.RecipeV1_16_2	ItemBindings
Container	RecipeBookAdd	RecipeBookAdd	Play	recipe_book_add	Clientbound	ItemPackets.Clientbound.RecipeBookAdd	ClientboundRecipeBookAddPacket	-	ItemBindings
Container	RecipeBookChangeSettings	RecipeBookChangeSettings	Play	recipe_book_change_settings	Serverbound	ItemPackets.Serverbound.RecipeBookChangeSettings	ServerboundRecipeBookChangeSettingsPacket	RecipeCodecs.RecipeBookChangeSettingsModern	ItemBindings
Container	RecipeBookRemove	RecipeBookRemove	Play	recipe_book_remove	Clientbound	ItemPackets.Clientbound.RecipeBookRemove	ClientboundRecipeBookRemovePacket	RecipeCodecs.RecipeBookRemoveModern	ItemBindings
Container	RecipeBookSeenRecipe	RecipeBookSeenRecipe	Play	recipe_book_seen_recipe	Serverbound	ItemPackets.Serverbound.RecipeBookSeenRecipe,ItemPackets.Serverbound.RecipeBookSeenRecipeByName	ServerboundRecipeBookSeenRecipeByNamePacket,ServerboundRecipeBookSeenRecipePacket	RecipeCodecs.RecipeBookSeenRecipeByNameV1_16_2,RecipeCodecs.RecipeBookSeenRecipeModern	ItemBindings
Container	RecipeBookSettings	RecipeBookSettings	Play	recipe_book_settings	Clientbound	ItemPackets.Clientbound.RecipeBookSettings	ClientboundRecipeBookSettingsPacket	RecipeCodecs.RecipeBookSettingsModern	ItemBindings
Entity	RemoveEntities	RemoveEntities	Play	remove_entities	Clientbound	EntityPackets.Clientbound.RemoveEntities	ClientboundRemoveEntitiesPacket	EntitySpawnCodecs.RemoveEntities,EntitySpawnCodecs.RemoveEntityV1_17	EntityBindings
Entity	RemoveMobEffect	RemoveMobEffect	Play	remove_mob_effect	Clientbound	EntityPackets.Clientbound.RemoveMobEffect	ClientboundRemoveMobEffectPacket	EntityEffectCodecs.RemoveMobEffectV1_18,EntityEffectCodecs.RemoveMobEffectV1_8	EntityBindings
Container	RenameItem	RenameItem	Play	rename_item	Serverbound	ItemPackets.Serverbound.RenameItem	ServerboundRenameItemPacket	ContainerCodecs.RenameItemV1_13	ItemBindings
Ui	ResetScore	ResetScore	Play	reset_score	Clientbound	UiPackets.Clientbound.ResetScore	ClientboundResetScorePacket	ScoreboardCodecs.ResetScoreV1_20_3	UiBindings
Common	ResourcePack	ResourcePack.Play	Play	resource_pack	Clientbound,Serverbound	UiPackets.Clientbound.LegacyResourcePack,UiPackets.Serverbound.ResourcePack	ClientboundLegacyResourcePackPacket,ServerboundResourcePackPacket	ResourcePackCodecs.LegacyResourcePackV1_8,ResourcePackCodecs.ServerResourcePackV1_14,ResourcePackCodecs.ServerResourcePackV1_20_3	UiBindings
Common	ResourcePackPop	ResourcePackPop.Play	Play	resource_pack_pop	Clientbound	UiPackets.Clientbound.ResourcePackPop	ClientboundResourcePackPopPacket	ResourcePackCodecs.ResourcePackPopV1_20_3	UiBindings
Common	ResourcePackPush	ResourcePackPush.Play	Play	resource_pack_push	Clientbound	UiPackets.Clientbound.ResourcePackPush	ClientboundResourcePackPushPacket	ResourcePackCodecs.ResourcePackPushV1_14,ResourcePackCodecs.ResourcePackPushV1_17,ResourcePackCodecs.ResourcePackPushV1_20_3,ResourcePackCodecs.ResourcePackPushV1_21_5	UiBindings
Ui	ResourcePackResponse	ResourcePackResponse	Play	resource_pack_response	Serverbound	UiPackets.Serverbound.LegacyResourcePack	ServerboundLegacyResourcePackPacket	ResourcePackCodecs.ServerLegacyResourcePackV1_10,ResourcePackCodecs.ServerLegacyResourcePackV1_8	UiBindings
World	Respawn	Respawn	Play	respawn	Clientbound	WorldPackets.Clientbound.Respawn	ClientboundRespawnPacket	WorldStateCodecs.RespawnV1_14,WorldStateCodecs.RespawnV1_15,WorldStateCodecs.RespawnV1_16,WorldStateCodecs.RespawnV1_16_2,WorldStateCodecs.RespawnV1_19,WorldStateCodecs.RespawnV1_20,WorldStateCodecs.RespawnV1_20_2,WorldStateCodecs.RespawnV1_20_5,WorldStateCodecs.RespawnV1_21_2,WorldStateCodecs.RespawnV1_8	WorldBindings
Entity	RotateHead	RotateHead	Play	rotate_head	Clientbound	EntityPackets.Clientbound.RotateHead	ClientboundRotateHeadPacket	EntityMoveCodecs.RotateHead	EntityBindings
Ui	ScoreboardObjective	ScoreboardObjective	Play	scoreboard_objective	Clientbound	UiPackets.Clientbound.LegacyObjective	ClientboundLegacyObjectivePacket	ScoreboardCodecs.LegacyObjectiveV1_8	UiBindings
World	SectionBlocksUpdate	SectionBlocksUpdate	Play	section_blocks_update	Clientbound	WorldPackets.Clientbound.SectionBlocksUpdate	ClientboundSectionBlocksUpdatePacket	WorldBlockCodecs.SectionBlocksUpdateV1_16_2,WorldBlockCodecs.SectionBlocksUpdateV1_20,WorldBlockCodecs.SectionBlocksUpdateV1_8	WorldBindings
Ui	SeenAdvancements	SeenAdvancements	Play	seen_advancements	Serverbound	UiPackets.Serverbound.SeenAdvancements	ServerboundSeenAdvancementsPacket	AdvancementCodecs.SeenAdvancementsV1_12	UiBindings
Ui	SelectAdvancementsTab	SelectAdvancementsTab	Play	select_advancements_tab	Clientbound	UiPackets.Clientbound.SelectAdvancementsTab	ClientboundSelectAdvancementsTabPacket	AdvancementCodecs.SelectAdvancementsTabV1_12	UiBindings
Container	SelectTrade	SelectTrade	Play	select_trade	Serverbound	ItemPackets.Serverbound.SelectTrade	ServerboundSelectTradePacket	MerchantCodecs.SelectTradeModern	ItemBindings
Ui	ServerData	ServerData	Play	server_data	Clientbound	UiPackets.Clientbound.ServerData	ClientboundServerDataPacket	ChatDisplayCodecs.ServerDataV1_19,ChatDisplayCodecs.ServerDataV1_19_1,ChatDisplayCodecs.ServerDataV1_19_3,ChatDisplayCodecs.ServerDataV1_19_4,ChatDisplayCodecs.ServerDataV1_20_3,ChatDisplayCodecs.ServerDataV1_20_5,ChatDisplayCodecs.ServerDataV1_21_5	UiBindings
Common	ServerLinks	ServerLinks.Play	Play	server_links	Clientbound	UiPackets.Clientbound.ServerLinks	ClientboundServerLinksPacket	UiMiscCodecs.ServerLinksV1_21,UiMiscCodecs.ServerLinksV1_21_5	UiBindings
Ui	SetActionBarText	SetActionBarText	Play	set_action_bar_text	Clientbound	UiPackets.Clientbound.SetActionBarText	ClientboundSetActionBarTextPacket	TitleCodecs.SetActionBarTextV1_17,TitleCodecs.SetActionBarTextV1_20_3,TitleCodecs.SetActionBarTextV1_21_5	UiBindings
World	SetBorderCenter	SetBorderCenter	Play	set_border_center	Clientbound	WorldPackets.Clientbound.SetBorderCenter	ClientboundSetBorderCenterPacket	WorldBorderCodecs.SetBorderCenterV1_17	WorldBindings
World	SetBorderLerpSize	SetBorderLerpSize	Play	set_border_lerp_size	Clientbound	WorldPackets.Clientbound.SetBorderLerpSize	ClientboundSetBorderLerpSizePacket	WorldBorderCodecs.SetBorderLerpSizeV1_17	WorldBindings
World	SetBorderSize	SetBorderSize	Play	set_border_size	Clientbound	WorldPackets.Clientbound.SetBorderSize	ClientboundSetBorderSizePacket	WorldBorderCodecs.SetBorderSizeV1_17	WorldBindings
World	SetBorderWarningDelay	SetBorderWarningDelay	Play	set_border_warning_delay	Clientbound	WorldPackets.Clientbound.SetBorderWarningDelay	ClientboundSetBorderWarningDelayPacket	WorldBorderCodecs.SetBorderWarningDelayV1_17	WorldBindings
World	SetBorderWarningDistance	SetBorderWarningDistance	Play	set_border_warning_distance	Clientbound	WorldPackets.Clientbound.SetBorderWarningDistance	ClientboundSetBorderWarningDistancePacket	WorldBorderCodecs.SetBorderWarningDistanceV1_17	WorldBindings
Entity	SetCamera	SetCamera	Play	set_camera	Clientbound	EntityPackets.Clientbound.SetCamera	ClientboundSetCameraPacket	EntityStateCodecs.SetCamera	EntityBindings
Entity	SetCarriedItem	SetCarriedItem	Play	set_carried_item	Serverbound	EntityPackets.Serverbound.SetCarriedItem	ServerboundSetCarriedItemPacket	EntityServerboundCodecs.SetCarriedItem	EntityBindings
World	SetChunkCacheCenter	SetChunkCacheCenter	Play	set_chunk_cache_center	Clientbound	WorldPackets.Clientbound.SetChunkCacheCenter	ClientboundSetChunkCacheCenterPacket	WorldStateCodecs.SetChunkCacheCenterV1_14	WorldBindings
World	SetChunkCacheRadius	SetChunkCacheRadius	Play	set_chunk_cache_radius	Clientbound	WorldPackets.Clientbound.SetChunkCacheRadius	ClientboundSetChunkCacheRadiusPacket	WorldStateCodecs.SetChunkCacheRadiusV1_14	WorldBindings
World	SetCommandBlock	SetCommandBlock	Play	set_command_block	Serverbound	WorldPackets.Serverbound.SetCommandBlock	ServerboundSetCommandBlockPacket	WorldBlockCodecs.SetCommandBlockV1_13,WorldBlockCodecs.SetCommandBlockV1_14	WorldBindings
Container	SetCreativeModeSlot	SetCreativeModeSlot	Play	set_creative_mode_slot	Serverbound	ItemPackets.Serverbound.SetCreativeModeSlot	ServerboundSetCreativeModeSlotPacket	ContainerCodecs.CreativeSlot770,ContainerCodecs.CreativeSlot776,ContainerCodecs.CreativeSlotV1_13,ContainerCodecs.CreativeSlotV1_13_2,ContainerCodecs.CreativeSlotV1_14,ContainerCodecs.CreativeSlotV1_20_2,ContainerCodecs.CreativeSlotV1_20_5,ContainerCodecs.CreativeSlotV1_21,ContainerCodecs.CreativeSlotV1_8,ContainerCodecs.CreativeSlotV1_9	ItemBindings
Container	SetCursorItem	SetCursorItem	Play	set_cursor_item	Clientbound	ItemPackets.Clientbound.SetCursorItem	ClientboundSetCursorItemPacket	ContainerCodecs.SetCursorItem770,ContainerCodecs.SetCursorItem776	ItemBindings
World	SetDefaultSpawnPosition	SetDefaultSpawnPosition	Play	set_default_spawn_position	Clientbound	WorldPackets.Clientbound.SetDefaultSpawnPosition	ClientboundSetDefaultSpawnPositionPacket	WorldStateCodecs.SetDefaultSpawnV1_14,WorldStateCodecs.SetDefaultSpawnV1_17,WorldStateCodecs.SetDefaultSpawnV1_21_9,WorldStateCodecs.SetDefaultSpawnV1_8	WorldBindings
Ui	SetDisplayChatPreview	SetDisplayChatPreview	Play	set_display_chat_preview	Clientbound	UiPackets.Clientbound.SetDisplayChatPreview	ClientboundSetDisplayChatPreviewPacket	ChatDisplayCodecs.SetDisplayChatPreviewV1_19	UiBindings
Ui	SetDisplayObjective	SetDisplayObjective	Play	set_display_objective	Clientbound	UiPackets.Clientbound.SetDisplayObjective	ClientboundSetDisplayObjectivePacket	ScoreboardCodecs.SetDisplayObjectiveV1_18,ScoreboardCodecs.SetDisplayObjectiveV1_20_2,ScoreboardCodecs.SetDisplayObjectiveV1_9	UiBindings
Entity	SetEntityData	SetEntityData	Play	set_entity_data	Clientbound	EntityPackets.Clientbound.SetEntityData	ClientboundSetEntityDataPacket	EntityDataCodecs.SetEntityDataV1_12,EntityDataCodecs.SetEntityDataV1_13,EntityDataCodecs.SetEntityDataV1_13_2,EntityDataCodecs.SetEntityDataV1_14,EntityDataCodecs.SetEntityDataV1_19,EntityDataCodecs.SetEntityDataV1_19_3,EntityDataCodecs.SetEntityDataV1_19_4,EntityDataCodecs.SetEntityDataV1_20_2,EntityDataCodecs.SetEntityDataV1_20_3,EntityDataCodecs.SetEntityDataV1_20_5,EntityDataCodecs.SetEntityDataV1_21_11,EntityDataCodecs.SetEntityDataV1_21_2,EntityDataCodecs.SetEntityDataV1_21_4,EntityDataCodecs.SetEntityDataV1_21_5,EntityDataCodecs.SetEntityDataV1_21_6,EntityDataCodecs.SetEntityDataV1_21_9,EntityDataCodecs.SetEntityDataV1_8,EntityDataCodecs.SetEntityDataV1_9,EntityDataCodecs.SetEntityDataV26_1,EntityDataCodecs.SetEntityDataV26_2	EntityBindings
Entity	SetEntityLink	SetEntityLink	Play	set_entity_link	Clientbound	EntityPackets.Clientbound.SetEntityLink	ClientboundSetEntityLinkPacket	EntityStateCodecs.SetEntityLinkV1_9,EntityStateCodecs.SetEntityLinkV1_8	EntityBindings
Entity	SetEntityMotion	SetEntityMotion	Play	set_entity_motion	Clientbound	EntityPackets.Clientbound.SetEntityMotion	ClientboundSetEntityMotionPacket	EntityMoveCodecs.SetEntityMotion,EntityMoveCodecs.SetEntityMotionV1_21_9	EntityBindings
Entity	SetEquipment	SetEquipment	Play	set_equipment	Clientbound	EntityPackets.Clientbound.SetEquipment	ClientboundSetEquipmentPacket	EntityEquipmentCodecs.SetEquipmentV1_13,EntityEquipmentCodecs.SetEquipmentV1_13_2,EntityEquipmentCodecs.SetEquipmentV1_16,EntityEquipmentCodecs.SetEquipmentV1_8,EntityEquipmentCodecs.SetEquipmentV1_9	EntityBindings
Entity	SetExperience	SetExperience	Play	set_experience	Clientbound	EntityPackets.Clientbound.SetExperience	ClientboundSetExperiencePacket	EntityStateCodecs.SetExperience	EntityBindings
Entity	SetHealth	SetHealth	Play	set_health	Clientbound	EntityPackets.Clientbound.SetHealth	ClientboundSetHealthPacket	EntityStateCodecs.SetHealth	EntityBindings
Entity	SetHeldSlot	SetHeldSlot	Play	set_held_slot	Clientbound	EntityPackets.Clientbound.SetHeldSlot	ClientboundSetHeldSlotPacket	EntityStateCodecs.SetHeldSlotV1_21_4,EntityStateCodecs.SetHeldSlotV1_8	EntityBindings
Ui	SetObjective	SetObjective	Play	set_objective	Clientbound	UiPackets.Clientbound.SetObjective	ClientboundSetObjectivePacket	ScoreboardCodecs.SetObjectiveV1_13,ScoreboardCodecs.SetObjectiveV1_18,ScoreboardCodecs.SetObjectiveV1_20_3,ScoreboardCodecs.SetObjectiveV1_21_5,ScoreboardCodecs.SetObjectiveV1_9	UiBindings
Entity	SetPassengers	SetPassengers	Play	set_passengers	Clientbound	EntityPackets.Clientbound.SetPassengers	ClientboundSetPassengersPacket	EntityStateCodecs.SetPassengers	EntityBindings
Container	SetPlayerInventory	SetPlayerInventory	Play	set_player_inventory	Clientbound	ItemPackets.Clientbound.SetPlayerInventory	ClientboundSetPlayerInventoryPacket	ContainerCodecs.SetPlayerInventory770,ContainerCodecs.SetPlayerInventory776	ItemBindings
Ui	SetPlayerTeam	SetPlayerTeam	Play	set_player_team	Clientbound	UiPackets.Clientbound.SetPlayerTeam	ClientboundSetPlayerTeamPacket	ScoreboardCodecs.SetPlayerTeamV1_13,ScoreboardCodecs.SetPlayerTeamV1_14,ScoreboardCodecs.SetPlayerTeamV1_20_3,ScoreboardCodecs.SetPlayerTeamV1_21_5,ScoreboardCodecs.SetPlayerTeamV1_8,ScoreboardCodecs.SetPlayerTeamV1_9,ScoreboardCodecs.SetPlayerTeamV26_2	UiBindings
Ui	SetScore	SetScore	Play	set_score	Clientbound	UiPackets.Clientbound.LegacySetScore,UiPackets.Clientbound.SetScore	ClientboundLegacySetScorePacket,ClientboundSetScorePacket	ScoreboardCodecs.LegacySetScoreV1_8,ScoreboardCodecs.SetScoreV1_20_3,ScoreboardCodecs.SetScoreV1_21_5	UiBindings
World	SetSimulationDistance	SetSimulationDistance	Play	set_simulation_distance	Clientbound	WorldPackets.Clientbound.SetSimulationDistance	ClientboundSetSimulationDistancePacket	WorldStateCodecs.SetSimulationDistanceV1_18	WorldBindings
Container	SetSlot	SetSlot	Play	set_slot	Clientbound	ItemPackets.Clientbound.LegacySetSlot	ClientboundContainerSetSlotPacket	ContainerCodecs.ContainerSetSlot770,ContainerCodecs.ContainerSetSlot776,ContainerCodecs.ContainerSetSlotV1_13,ContainerCodecs.ContainerSetSlotV1_13_2,ContainerCodecs.ContainerSetSlotV1_14,ContainerCodecs.ContainerSetSlotV1_17_1,ContainerCodecs.ContainerSetSlotV1_20_2,ContainerCodecs.ContainerSetSlotV1_20_5,ContainerCodecs.ContainerSetSlotV1_21,ContainerCodecs.ContainerSetSlotV1_9,ContainerCodecs.SetSlotV1_8	ItemBindings
Ui	SetSubtitleText	SetSubtitleText	Play	set_subtitle_text	Clientbound	UiPackets.Clientbound.SetSubtitleText	ClientboundSetSubtitleTextPacket	TitleCodecs.SetSubtitleTextV1_17,TitleCodecs.SetSubtitleTextV1_20_3,TitleCodecs.SetSubtitleTextV1_21_5	UiBindings
World	SetTime	SetTime	Play	set_time	Clientbound	WorldPackets.Clientbound.SetTime	ClientboundSetTimePacket	WorldStateCodecs.SetTimeV1_21_2,WorldStateCodecs.SetTimeV1_8,WorldStateCodecs.SetTimeV26_1	WorldBindings
Ui	SetTitleText	SetTitleText	Play	set_title_text	Clientbound	UiPackets.Clientbound.SetTitleText	ClientboundSetTitleTextPacket	TitleCodecs.SetTitleTextV1_17,TitleCodecs.SetTitleTextV1_20_3,TitleCodecs.SetTitleTextV1_21_5	UiBindings
Ui	SetTitlesAnimation	SetTitlesAnimation	Play	set_titles_animation	Clientbound	UiPackets.Clientbound.SetTitlesAnimation	ClientboundSetTitlesAnimationPacket	TitleCodecs.SetTitlesAnimationV1_17	UiBindings
Common	ShowDialog	ShowDialog.Play	Play	show_dialog	Clientbound	UiPackets.Clientbound.ShowDialog	ClientboundShowDialogPacket	UiMiscCodecs.ShowDialogV1_21_6	UiBindings
Ui	SignUpdate	SignUpdate	Play	sign_update	Serverbound	UiPackets.Serverbound.SignUpdate	ServerboundSignUpdatePacket	UiMiscCodecs.SignUpdateV1_14,UiMiscCodecs.SignUpdateV1_20,UiMiscCodecs.SignUpdateV1_9	UiBindings
World	Sound	Sound	Play	sound	Clientbound	WorldPackets.Clientbound.Sound	ClientboundSoundPacket	WorldEffectCodecs.SoundV1_10,WorldEffectCodecs.SoundV1_19,WorldEffectCodecs.SoundV1_9	WorldBindings
World	SoundEffect	SoundEffect	Play	sound_effect	Clientbound	WorldPackets.Clientbound.NamedSound	ClientboundNamedSoundPacket	WorldEffectCodecs.NamedSoundV1_8	WorldBindings
World	SoundEntity	SoundEntity	Play	sound_entity	Clientbound	WorldPackets.Clientbound.SoundEntity	ClientboundSoundEntityPacket	WorldEffectCodecs.SoundEntityV1_14	WorldBindings
Entity	SpawnWeatherEntity	SpawnWeatherEntity	Play	spawn_weather_entity	Clientbound	EntityPackets.Clientbound.AddGlobalEntity	ClientboundAddGlobalEntityPacket	EntitySpawnCodecs.AddGlobalEntityV1_8,EntitySpawnCodecs.AddGlobalEntityV1_9	EntityBindings
Play	StartConfiguration	StartConfiguration	Play	start_configuration	Clientbound	PlayPackets.Clientbound.StartConfiguration	ClientboundStartConfigurationPacket	ConfigurationCodecs.StartConfiguration	PlayCoreBindings
Entity	SteerVehicle	SteerVehicle	Play	steer_vehicle	Serverbound	EntityPackets.Serverbound.SteerVehicle	ServerboundSteerVehiclePacket	EntityServerboundCodecs.SteerVehicleV1_8	EntityBindings
World	StopSound	StopSound	Play	stop_sound	Clientbound	WorldPackets.Clientbound.StopSound	ClientboundStopSoundPacket	WorldEffectCodecs.StopSoundV1_13	WorldBindings
Common	StoreCookie	StoreCookie.Play	Play	store_cookie	Clientbound	PlayPackets.Clientbound.StoreCookie	ClientboundStoreCookiePacket	PlayCommonCodecs.StoreCookie	PlayCoreBindings
Entity	Swing	Swing	Play	swing	Serverbound	EntityPackets.Serverbound.Swing	ServerboundSwingPacket	EntityServerboundCodecs.SwingV1_9,EntityServerboundCodecs.SwingV1_8	EntityBindings
Chat	SystemChat	SystemChat	Play	system_chat	Clientbound	UiPackets.Clientbound.SystemChat	ClientboundSystemChatPacket	ChatDisplayCodecs.SystemChatV1_19,ChatDisplayCodecs.SystemChatV1_20_3,ChatDisplayCodecs.SystemChatV1_21_5	PlayCoreBindings
Ui	TabComplete	TabComplete	Play	tab_complete	Clientbound,Serverbound	UiPackets.Clientbound.LegacyTabComplete,UiPackets.Serverbound.LegacyTabComplete	ClientboundLegacyTabCompletePacket,ServerboundLegacyTabCompletePacket	CommandSuggestionCodecs.LegacyTabCompleteV1_8,CommandSuggestionCodecs.ServerLegacyTabCompleteV1_8,CommandSuggestionCodecs.ServerLegacyTabCompleteV1_9	UiBindings
Ui	TabList	TabList	Play	tab_list	Clientbound	UiPackets.Clientbound.TabList	ClientboundTabListPacket	PlayerListCodecs.TabListV1_20_3,PlayerListCodecs.TabListV1_21_5,PlayerListCodecs.TabListV1_8,PlayerListCodecs.TabListV1_9	UiBindings
Entity	TakeItemEntity	TakeItemEntity	Play	take_item_entity	Clientbound	EntityPackets.Clientbound.TakeItemEntity	ClientboundTakeItemEntityPacket	EntityStateCodecs.TakeItemEntityV1_11,EntityStateCodecs.TakeItemEntityV1_8	EntityBindings
Entity	TeleportEntity	TeleportEntity	Play	teleport_entity	Clientbound	EntityPackets.Clientbound.TeleportEntity	ClientboundTeleportEntityPacket	EntityMoveCodecs.TeleportEntityV1_21_2,EntityMoveCodecs.TeleportEntityV1_8,EntityMoveCodecs.TeleportEntityV1_9	EntityBindings
Entity	TeleportToEntity	TeleportToEntity	Play	teleport_to_entity	Serverbound	EntityPackets.Serverbound.TeleportToEntity	ServerboundTeleportToEntityPacket	EntityServerboundCodecs.TeleportToEntity	EntityBindings
Ui	Title	Title	Play	title	Clientbound	UiPackets.Clientbound.LegacyTitle	ClientboundLegacyTitlePacket	TitleCodecs.LegacyTitleV1_8	UiBindings
Container	Transaction	Transaction	Play	transaction	Clientbound,Serverbound	ItemPackets.Clientbound.Transaction,ItemPackets.Serverbound.Transaction	ClientboundTransactionPacket,ServerboundTransactionPacket	ContainerCodecs.TransactionClientV1_8,ContainerCodecs.TransactionServerV1_8	ItemBindings
Common	Transfer	Transfer.Play	Play	transfer	Clientbound	PlayPackets.Clientbound.Transfer	ClientboundTransferPacket	PlayCommonCodecs.Transfer	PlayCoreBindings
Ui	UpdateAdvancements	UpdateAdvancements	Play	update_advancements	Clientbound	UiPackets.Clientbound.UpdateAdvancements	ClientboundUpdateAdvancementsPacket	AdvancementCodecs.UpdateAdvancementsV1_12,AdvancementCodecs.UpdateAdvancementsV1_13,AdvancementCodecs.UpdateAdvancementsV1_13_2,AdvancementCodecs.UpdateAdvancementsV1_20,AdvancementCodecs.UpdateAdvancementsV1_20_2,AdvancementCodecs.UpdateAdvancementsV1_20_3,AdvancementCodecs.UpdateAdvancementsV1_20_5,AdvancementCodecs.UpdateAdvancementsV1_21,AdvancementCodecs.UpdateAdvancementsV1_21_11,AdvancementCodecs.UpdateAdvancementsV1_21_2,AdvancementCodecs.UpdateAdvancementsV1_21_4,AdvancementCodecs.UpdateAdvancementsV1_21_5,AdvancementCodecs.UpdateAdvancementsV1_21_6,AdvancementCodecs.UpdateAdvancementsV1_21_9,AdvancementCodecs.UpdateAdvancementsV26_1,AdvancementCodecs.UpdateAdvancementsV26_2	UiBindings
Entity	UpdateAttributes	UpdateAttributes	Play	update_attributes	Clientbound	EntityPackets.Clientbound.UpdateAttributes	ClientboundUpdateAttributesPacket	EntityEquipmentCodecs.UpdateAttributesV1_17,EntityEquipmentCodecs.UpdateAttributesV1_16IntCount,EntityEquipmentCodecs.UpdateAttributesV1_20_5,EntityEquipmentCodecs.UpdateAttributesV1_21,EntityEquipmentCodecs.UpdateAttributesV1_8	EntityBindings
Entity	UpdateMobEffect	UpdateMobEffect	Play	update_mob_effect	Clientbound	EntityPackets.Clientbound.UpdateMobEffect	ClientboundUpdateMobEffectPacket	EntityEffectCodecs.UpdateMobEffectV1_18,EntityEffectCodecs.UpdateMobEffectV1_19,EntityEffectCodecs.UpdateMobEffectV1_20_5,EntityEffectCodecs.UpdateMobEffectV1_8	EntityBindings
Container	UpdateRecipes	UpdateRecipes	Play	update_recipes	Clientbound	ItemPackets.Clientbound.UpdateRecipes	ClientboundUpdateRecipesPacket	RecipeCodecs.UpdateRecipesModern	ItemBindings
Entity	UseBed	UseBed	Play	use_bed	Clientbound	EntityPackets.Clientbound.UseBed	ClientboundUseBedPacket	EntityStateCodecs.UseBedV1_8	EntityBindings
Container	UseItem	UseItem	Play	use_item	Serverbound	ItemPackets.Serverbound.UseItem	ServerboundUseItemPacket	UseItemCodecs.UseItemModern,UseItemCodecs.UseItemV1_19,UseItemCodecs.UseItemV1_9	ItemBindings
Container	UseItemOn	UseItemOn	Play	use_item_on	Serverbound	ItemPackets.Serverbound.UseItemOn	ServerboundUseItemOnPacket	UseItemCodecs.UseItemOnModern,UseItemCodecs.UseItemOnV1_11,UseItemCodecs.UseItemOnV1_14,UseItemCodecs.UseItemOnV1_19,UseItemCodecs.UseItemOnV1_9	ItemBindings
Ui	Waypoint	Waypoint	Play	waypoint	Clientbound	UiPackets.Clientbound.Waypoint	ClientboundWaypointPacket	UiMiscCodecs.WaypointV1_21_6	UiBindings
World	WorldBorder	WorldBorder	Play	world_border	Clientbound	WorldPackets.Clientbound.WorldBorder	ClientboundWorldBorderPacket	WorldBorderCodecs.WorldBorderV1_8	WorldBindings
Common	PingRequest	PingRequest.Status	Status	ping_request	Serverbound	StatusPackets.Serverbound.PingRequest	ServerboundPingRequestPacket	StatusCodecs.Ping	HandshakeStatusBindings
Common	PongResponse	PongResponse.Status	Status	pong_response	Clientbound	StatusPackets.Clientbound.PongResponse	ClientboundPongResponsePacket	StatusCodecs.Pong	HandshakeStatusBindings
Status	StatusRequest	StatusRequest	Status	status_request	Serverbound	StatusPackets.Serverbound.StatusRequest	ServerboundStatusRequestPacket	StatusCodecs.Request	HandshakeStatusBindings
Status	StatusResponse	StatusResponse	Status	status_response	Clientbound	StatusPackets.Clientbound.StatusResponse	ClientboundStatusResponsePacket	StatusCodecs.Response	HandshakeStatusBindings
