# family	split-commit	pre-split-commit	pre-split-path
Handshake	56a3d71	342e2cf	src/Umpk.Protocol.Java/Families/Handshake/HandshakeCodecs.cs
Handshake	56a3d71	342e2cf	src/Umpk.Protocol.Java/Families/Handshake/HandshakePackets.cs
Status	5e4c706	56a3d71	src/Umpk.Protocol.Java/Families/Status/StatusCodecs.cs
Status	5e4c706	56a3d71	src/Umpk.Protocol.Java/Families/Status/StatusPackets.cs
Login	8fda1e8	5e4c706	src/Umpk.Protocol.Java/Families/Login/LoginChannelCodecs.cs
Login	8fda1e8	5e4c706	src/Umpk.Protocol.Java/Families/Login/LoginCodecs.cs
Login	8fda1e8	5e4c706	src/Umpk.Protocol.Java/Families/Login/LoginPackets.cs
Configuration	7fb496d	8fda1e8	src/Umpk.Protocol.Java/Families/Configuration/ConfigurationCodecs.cs
Configuration	7fb496d	8fda1e8	src/Umpk.Protocol.Java/Families/Configuration/ConfigurationPackets.cs
Play	ecebd03	86a4dc2	src/Umpk.Protocol.Java/Families/Play/ConfigurationAcknowledged/ConfigurationAcknowledged.Wire.cs
Play	ecebd03	86a4dc2	src/Umpk.Protocol.Java/Families/Play/JoinGameCodecs.cs
Play	ecebd03	86a4dc2	src/Umpk.Protocol.Java/Families/Play/PlayClientInformationCodecs.cs
Play	ecebd03	86a4dc2	src/Umpk.Protocol.Java/Families/Play/PlayCommonCodecs.cs
Play	ecebd03	86a4dc2	src/Umpk.Protocol.Java/Families/Play/PlayKeepAliveCodecs.cs
Play	ecebd03	86a4dc2	src/Umpk.Protocol.Java/Families/Play/PlayPackets.cs
Play	ecebd03	86a4dc2	src/Umpk.Protocol.Java/Families/Play/StartConfiguration/StartConfiguration.Wire.cs
Chat	e8698e9	ecebd03	src/Umpk.Protocol.Java/Families/Chat/Chat/Chat.cs
Chat	e8698e9	ecebd03	src/Umpk.Protocol.Java/Families/Chat/ChatAck/ChatAck.cs
Chat	e8698e9	ecebd03	src/Umpk.Protocol.Java/Families/Chat/ChatCodecs.cs
Chat	e8698e9	ecebd03	src/Umpk.Protocol.Java/Families/Chat/ChatCommand/ChatCommand.cs
Chat	e8698e9	ecebd03	src/Umpk.Protocol.Java/Families/Chat/ChatCommandCodecs.cs
Chat	e8698e9	ecebd03	src/Umpk.Protocol.Java/Families/Chat/ChatCommandSigned/ChatCommandSigned.cs
Chat	e8698e9	ecebd03	src/Umpk.Protocol.Java/Families/Chat/ChatSessionUpdate/ChatSessionUpdate.cs
Chunk	1e366ab	e8698e9	src/Umpk.Protocol.Java/Families/Chunk/ChunkCodecs.MapChunkBulk.cs
Chunk	1e366ab	e8698e9	src/Umpk.Protocol.Java/Families/Chunk/ChunkCodecs.V1_14To1_15.cs
Chunk	1e366ab	e8698e9	src/Umpk.Protocol.Java/Families/Chunk/ChunkCodecs.V1_16To1_17.cs
Chunk	1e366ab	e8698e9	src/Umpk.Protocol.Java/Families/Chunk/ChunkCodecs.V1_18To1_21_1.cs
Chunk	1e366ab	e8698e9	src/Umpk.Protocol.Java/Families/Chunk/ChunkCodecs.V1_21_2.cs
Chunk	1e366ab	e8698e9	src/Umpk.Protocol.Java/Families/Chunk/ChunkCodecs.V1_9To1_13.cs
Chunk	1e366ab	e8698e9	src/Umpk.Protocol.Java/Families/Chunk/ChunkCodecs.cs
Chunk	1e366ab	e8698e9	src/Umpk.Protocol.Java/Families/Chunk/ChunkColumnFactory.cs
Chunk	1e366ab	e8698e9	src/Umpk.Protocol.Java/Families/Chunk/ChunkWireBodies.cs
Chunk	1e366ab	e8698e9	src/Umpk.Protocol.Java/Families/Chunk/LevelChunkWithLight/LevelChunkWithLight.cs
Chunk	1e366ab	e8698e9	src/Umpk.Protocol.Java/Families/Chunk/MapChunkBulk/MapChunkBulk.cs
World	a0d3200	1e366ab	src/Umpk.Protocol.Java/Families/World/WorldBlockCodecs.cs
World	a0d3200	1e366ab	src/Umpk.Protocol.Java/Families/World/WorldBorderCodecs.cs
World	a0d3200	1e366ab	src/Umpk.Protocol.Java/Families/World/WorldEffectCodecs.cs
World	a0d3200	1e366ab	src/Umpk.Protocol.Java/Families/World/WorldMapCodecs.cs
World	a0d3200	1e366ab	src/Umpk.Protocol.Java/Families/World/WorldPackets.cs
World	a0d3200	1e366ab	src/Umpk.Protocol.Java/Families/World/WorldStateCodecs.cs
Entity	9828ee7	a0d3200	src/Umpk.Protocol.Java/Families/Entity/EntityDataCodecs.cs
Entity	9828ee7	a0d3200	src/Umpk.Protocol.Java/Families/Entity/EntityEffectCodecs.cs
Entity	9828ee7	a0d3200	src/Umpk.Protocol.Java/Families/Entity/EntityEquipmentCodecs.cs
Entity	9828ee7	a0d3200	src/Umpk.Protocol.Java/Families/Entity/EntityMoveCodecs.cs
Entity	9828ee7	a0d3200	src/Umpk.Protocol.Java/Families/Entity/EntityPackets.cs
Entity	9828ee7	a0d3200	src/Umpk.Protocol.Java/Families/Entity/EntityServerboundCodecs.cs
Entity	9828ee7	a0d3200	src/Umpk.Protocol.Java/Families/Entity/EntitySpawnCodecs.cs
Entity	9828ee7	a0d3200	src/Umpk.Protocol.Java/Families/Entity/EntityStateCodecs.cs
Container	daccc18	9828ee7	src/Umpk.Protocol.Java/Families/Container/ContainerCodecs.cs
Container	daccc18	9828ee7	src/Umpk.Protocol.Java/Families/Container/ItemPackets.cs
Container	daccc18	9828ee7	src/Umpk.Protocol.Java/Families/Container/MerchantCodecs.cs
Container	daccc18	9828ee7	src/Umpk.Protocol.Java/Families/Container/RecipeCodecs.cs
Container	daccc18	9828ee7	src/Umpk.Protocol.Java/Families/Container/UseItemCodecs.cs
Ui	07eee31	daccc18	src/Umpk.Protocol.Java/Families/Ui/AdvancementCodecs.cs
Ui	07eee31	daccc18	src/Umpk.Protocol.Java/Families/Ui/BossBarCodecs.cs
Ui	07eee31	daccc18	src/Umpk.Protocol.Java/Families/Ui/ChatDisplayCodecs.cs
Ui	07eee31	daccc18	src/Umpk.Protocol.Java/Families/Ui/CommandSuggestionCodecs.cs
Ui	07eee31	daccc18	src/Umpk.Protocol.Java/Families/Ui/PlayerListCodecs.cs
Ui	07eee31	daccc18	src/Umpk.Protocol.Java/Families/Ui/ResourcePackCodecs.cs
Ui	07eee31	daccc18	src/Umpk.Protocol.Java/Families/Ui/ScoreboardCodecs.cs
Ui	07eee31	daccc18	src/Umpk.Protocol.Java/Families/Ui/TitleCodecs.cs
Ui	07eee31	daccc18	src/Umpk.Protocol.Java/Families/Ui/UiMiscCodecs.cs
Ui	07eee31	daccc18	src/Umpk.Protocol.Java/Families/Ui/UiPackets.cs
Command	a786855	07eee31	src/Umpk.Protocol.Java/Families/Command/CommandTreeCodecs.cs
Command	a786855	07eee31	src/Umpk.Protocol.Java/Families/Command/CommandsPackets.cs
Common	25dba38	a786855	src/Umpk.Protocol.Java/Families/Common/ClearDialog/ClearDialog.Configuration.Wire.cs
Common	25dba38	a786855	src/Umpk.Protocol.Java/Families/Common/ClearDialog/ClearDialog.Play.Wire.cs
Common	25dba38	a786855	src/Umpk.Protocol.Java/Families/Common/ClearDialog/ClearDialog.Play.cs
Common	25dba38	a786855	src/Umpk.Protocol.Java/Families/Common/ClientInformation/ClientInformation.Configuration.Wire.cs
Common	25dba38	a786855	src/Umpk.Protocol.Java/Families/Common/ClientInformation/ClientInformation.Configuration.cs
Common	25dba38	a786855	src/Umpk.Protocol.Java/Families/Common/ClientInformation/ClientInformation.Play.Wire.cs
Common	25dba38	a786855	src/Umpk.Protocol.Java/Families/Common/ClientInformation/ClientInformation.Play.cs
Common	25dba38	a786855	src/Umpk.Protocol.Java/Families/Common/CookieRequest/CookieRequest.Configuration.Wire.cs
Common	25dba38	a786855	src/Umpk.Protocol.Java/Families/Common/CookieRequest/CookieRequest.Login.Wire.cs
Common	25dba38	a786855	src/Umpk.Protocol.Java/Families/Common/CookieRequest/CookieRequest.Play.Wire.cs
Common	25dba38	a786855	src/Umpk.Protocol.Java/Families/Common/CookieRequest/CookieRequest.Play.cs
Common	25dba38	a786855	src/Umpk.Protocol.Java/Families/Common/CookieResponse/CookieResponse.Configuration.Wire.cs
Common	25dba38	a786855	src/Umpk.Protocol.Java/Families/Common/CookieResponse/CookieResponse.Login.Wire.cs
Common	25dba38	a786855	src/Umpk.Protocol.Java/Families/Common/CookieResponse/CookieResponse.Play.Wire.cs
Common	25dba38	a786855	src/Umpk.Protocol.Java/Families/Common/CookieResponse/CookieResponse.Play.cs
Common	25dba38	a786855	src/Umpk.Protocol.Java/Families/Common/CustomClickAction/CustomClickAction.Configuration.Wire.cs
Common	25dba38	a786855	src/Umpk.Protocol.Java/Families/Common/CustomClickAction/CustomClickAction.Play.Wire.cs
Common	25dba38	a786855	src/Umpk.Protocol.Java/Families/Common/CustomClickAction/CustomClickAction.Play.cs
Common	25dba38	a786855	src/Umpk.Protocol.Java/Families/Common/CustomReportDetails/CustomReportDetails.Configuration.Wire.cs
Common	25dba38	a786855	src/Umpk.Protocol.Java/Families/Common/CustomReportDetails/CustomReportDetails.Play.Wire.cs
Common	25dba38	a786855	src/Umpk.Protocol.Java/Families/Common/CustomReportDetails/CustomReportDetails.Play.cs
Common	25dba38	a786855	src/Umpk.Protocol.Java/Families/Common/Disconnect/Disconnect.Configuration.Wire.cs
Common	25dba38	a786855	src/Umpk.Protocol.Java/Families/Common/Disconnect/Disconnect.Play.Wire.cs
Common	25dba38	a786855	src/Umpk.Protocol.Java/Families/Common/Disconnect/Disconnect.Play.cs
Common	25dba38	a786855	src/Umpk.Protocol.Java/Families/Common/KeepAlive/KeepAlive.Configuration.Wire.cs
Common	25dba38	a786855	src/Umpk.Protocol.Java/Families/Common/KeepAlive/KeepAlive.Configuration.cs
Common	25dba38	a786855	src/Umpk.Protocol.Java/Families/Common/KeepAlive/KeepAlive.Play.Wire.cs
Common	25dba38	a786855	src/Umpk.Protocol.Java/Families/Common/KeepAlive/KeepAlive.Play.cs
Common	25dba38	a786855	src/Umpk.Protocol.Java/Families/Common/LoginFamilyPackets.cs
Common	25dba38	a786855	src/Umpk.Protocol.Java/Families/Common/Ping/Ping.Configuration.Wire.cs
Common	25dba38	a786855	src/Umpk.Protocol.Java/Families/Common/Ping/Ping.Play.Wire.cs
Common	25dba38	a786855	src/Umpk.Protocol.Java/Families/Common/Ping/Ping.Play.cs
Common	25dba38	a786855	src/Umpk.Protocol.Java/Families/Common/PingRequest/PingRequest.Play.Wire.cs
Common	25dba38	a786855	src/Umpk.Protocol.Java/Families/Common/PingRequest/PingRequest.Play.cs
Common	25dba38	a786855	src/Umpk.Protocol.Java/Families/Common/PingRequest/PingRequest.Status.Wire.cs
Common	25dba38	a786855	src/Umpk.Protocol.Java/Families/Common/PingRequest/PingRequest.Status.cs
Common	25dba38	a786855	src/Umpk.Protocol.Java/Families/Common/Pong/Pong.Configuration.Wire.cs
Common	25dba38	a786855	src/Umpk.Protocol.Java/Families/Common/Pong/Pong.Play.Wire.cs
Common	25dba38	a786855	src/Umpk.Protocol.Java/Families/Common/Pong/Pong.Play.cs
Common	25dba38	a786855	src/Umpk.Protocol.Java/Families/Common/PongResponse/PongResponse.Play.Wire.cs
Common	25dba38	a786855	src/Umpk.Protocol.Java/Families/Common/PongResponse/PongResponse.Play.cs
Common	25dba38	a786855	src/Umpk.Protocol.Java/Families/Common/PongResponse/PongResponse.Status.Wire.cs
Common	25dba38	a786855	src/Umpk.Protocol.Java/Families/Common/PongResponse/PongResponse.Status.cs
Common	25dba38	a786855	src/Umpk.Protocol.Java/Families/Common/ResourcePack/ResourcePack.Configuration.Wire.cs
Common	25dba38	a786855	src/Umpk.Protocol.Java/Families/Common/ResourcePack/ResourcePack.Play.Wire.cs
Common	25dba38	a786855	src/Umpk.Protocol.Java/Families/Common/ResourcePack/ResourcePack.Play.cs
Common	25dba38	a786855	src/Umpk.Protocol.Java/Families/Common/ResourcePackPop/ResourcePackPop.Configuration.Wire.cs
Common	25dba38	a786855	src/Umpk.Protocol.Java/Families/Common/ResourcePackPop/ResourcePackPop.Play.Wire.cs
Common	25dba38	a786855	src/Umpk.Protocol.Java/Families/Common/ResourcePackPop/ResourcePackPop.Play.cs
Common	25dba38	a786855	src/Umpk.Protocol.Java/Families/Common/ResourcePackPush/ResourcePackPush.Configuration.Wire.cs
Common	25dba38	a786855	src/Umpk.Protocol.Java/Families/Common/ResourcePackPush/ResourcePackPush.Play.Wire.cs
Common	25dba38	a786855	src/Umpk.Protocol.Java/Families/Common/ResourcePackPush/ResourcePackPush.Play.cs
Common	25dba38	a786855	src/Umpk.Protocol.Java/Families/Common/ServerLinks/ServerLinks.Configuration.Wire.cs
Common	25dba38	a786855	src/Umpk.Protocol.Java/Families/Common/ServerLinks/ServerLinks.Play.Wire.cs
Common	25dba38	a786855	src/Umpk.Protocol.Java/Families/Common/ServerLinks/ServerLinks.Play.cs
Common	25dba38	a786855	src/Umpk.Protocol.Java/Families/Common/ShowDialog/ShowDialog.Configuration.Wire.cs
Common	25dba38	a786855	src/Umpk.Protocol.Java/Families/Common/ShowDialog/ShowDialog.Play.Wire.cs
Common	25dba38	a786855	src/Umpk.Protocol.Java/Families/Common/ShowDialog/ShowDialog.Play.cs
Common	25dba38	a786855	src/Umpk.Protocol.Java/Families/Common/StoreCookie/StoreCookie.Configuration.Wire.cs
Common	25dba38	a786855	src/Umpk.Protocol.Java/Families/Common/StoreCookie/StoreCookie.Play.Wire.cs
Common	25dba38	a786855	src/Umpk.Protocol.Java/Families/Common/StoreCookie/StoreCookie.Play.cs
Common	25dba38	a786855	src/Umpk.Protocol.Java/Families/Common/Transfer/Transfer.Configuration.Wire.cs
Common	25dba38	a786855	src/Umpk.Protocol.Java/Families/Common/Transfer/Transfer.Play.Wire.cs
Common	25dba38	a786855	src/Umpk.Protocol.Java/Families/Common/Transfer/Transfer.Play.cs
